,loss,val_loss
0,0.0044195582158863544,0.002644082298502326
